Uganda,Adjumani,East Moyo,Adjumani Tc
Uganda,Adjumani,East Moyo,Adropi
Uganda,Adjumani,East Moyo,Ciforo
Uganda,Adjumani,East Moyo,Dzaipi
Uganda,Adjumani,East Moyo,Ofua
Uganda,Adjumani,East Moyo,Pakelle
Uganda,Apac,Kole,Aboke
Uganda,Apac,Kole,Akalo
Uganda,Apac,Kole,Alito
Uganda,Apac,Kole,Ayer
Uganda,Apac,Kole,Balla
Uganda,Apac,Kwania,Abongomola
Uganda,Apac,Kwania,Aduku
Uganda,Apac,Kwania,Cawente
Uganda,Apac,Kwania,Inomo
Uganda,Apac,Kwania,Nambieso
Uganda,Apac,Maruzi,Akokoro
Uganda,Apac,Maruzi,Apac Tc
Uganda,Apac,Maruzi,Apac
Uganda,Apac,Maruzi,Cegere
Uganda,Apac,Maruzi,Ibuje
Uganda,Apac,Oyam,Aber
Uganda,Apac,Oyam,Achaba
Uganda,Apac,Oyam,Icheme
Uganda,Apac,Oyam,Loro
Uganda,Apac,Oyam,Minakulu
Uganda,Apac,Oyam,Ngai
Uganda,Apac,Oyam,Otwal
Uganda,Arua,Arua Municipality,Arua Hill
Uganda,Arua,Arua Municipality,Oli River
Uganda,Arua,Ayivu,Adumi
Uganda,Arua,Ayivu,Aroi
Uganda,Arua,Ayivu,Dadamu
Uganda,Arua,Ayivu,Manibe
Uganda,Arua,Ayivu,Oluko
Uganda,Arua,Ayivu,Pajulu
Uganda,Arua,Koboko,Koboko Tc
Uganda,Arua,Koboko,Kuluba
Uganda,Arua,Koboko,Lobule
Uganda,Arua,Koboko,Ludara
Uganda,Arua,Koboko,Midia
Uganda,Arua,Madi-Okollo,Offaka
Uganda,Arua,Madi-Okollo,Ogoko
Uganda,Arua,Madi-Okollo,Okollo
Uganda,Arua,Madi-Okollo,Rhino Camp
Uganda,Arua,Madi-Okollo,Rigbo
Uganda,Arua,Madi-Okollo,Uleppi
Uganda,Arua,Maracha,Kijomoro
Uganda,Arua,Maracha,Nyadri
Uganda,Arua,Maracha,Oleba
Uganda,Arua,Maracha,Oluffe
Uganda,Arua,Maracha,Oluvu
Uganda,Arua,Maracha,Tara
Uganda,Arua,Maracha,Yivu
Uganda,Arua,Terego,Ali-vu
Uganda,Arua,Terego,Beleafe
Uganda,Arua,Terego,Katrini
Uganda,Arua,Terego,Odupi
Uganda,Arua,Terego,Omugo
Uganda,Arua,Terego,Uriama
Uganda,Arua,Vurra,Ajia
Uganda,Arua,Vurra,Arivu
Uganda,Arua,Vurra,Logiri
Uganda,Arua,Vurra,Vurra
Uganda,Bugiri,Bukooli,Banda
Uganda,Bugiri,Bukooli,Budhaya
Uganda,Bugiri,Bukooli,Bugiri Tc
Uganda,Bugiri,Bukooli,Bulidha
Uganda,Bugiri,Bukooli,Buliisa
Uganda,Bugiri,Bukooli,Buluguyi
Uganda,Bugiri,Bukooli,Buswale
Uganda,Bugiri,Bukooli,Buwunga
Uganda,Bugiri,Bukooli,Buyinja
Uganda,Bugiri,Bukooli,Iwemba
Uganda,Bugiri,Bukooli,Kapyanga
Uganda,Bugiri,Bukooli,L.Victoria
Uganda,Bugiri,Bukooli,Muterere
Uganda,Bugiri,Bukooli,Mutumba
Uganda,Bugiri,Bukooli,Nabukalu
Uganda,Bugiri,Bukooli,Nankoma
Uganda,Bugiri,Bukooli,Sigulu Islands
Uganda,Bundibugyo,Bwamba,Bubandi
Uganda,Bundibugyo,Bwamba,Bubukwanga
Uganda,Bundibugyo,Bwamba,Bundibugyo Tc
Uganda,Bundibugyo,Bwamba,Busaru
Uganda,Bundibugyo,Bwamba,Harugali
Uganda,Bundibugyo,Bwamba,Kasitu
Uganda,Bundibugyo,Bwamba,Nduguto
Uganda,Bundibugyo,Ntoroko,Kanara
Uganda,Bundibugyo,Ntoroko,Karugutu
Uganda,Bundibugyo,Ntoroko,Rwebisengo
Uganda,Bushenyi,Buhweju,Bihanga
Uganda,Bushenyi,Buhweju,Burere
Uganda,Bushenyi,Buhweju,Karungu
Uganda,Bushenyi,Buhweju,Rwengwe
Uganda,Bushenyi,Bunyaruguru,Burere
Uganda,Bushenyi,Bunyaruguru,Katerera
Uganda,Bushenyi,Bunyaruguru,Katunguru
Uganda,Bushenyi,Bunyaruguru,Kichwamba
Uganda,Bushenyi,Bunyaruguru,Ryeru
Uganda,Bushenyi,Igara,Bumbaire
Uganda,Bushenyi,Igara,Bushenyi-Ishaka Tc
Uganda,Bushenyi,Igara,Kakanju
Uganda,Bushenyi,Igara,Kyabugimbi
Uganda,Bushenyi,Igara,Kyamuhunga
Uganda,Bushenyi,Igara,Kyeizoba
Uganda,Bushenyi,Igara,Nyabubare
Uganda,Bushenyi,Ruhinda,Bitereko
Uganda,Bushenyi,Ruhinda,Kabira
Uganda,Bushenyi,Ruhinda,Kanyabwanga
Uganda,Bushenyi,Ruhinda,Kashenshero
Uganda,Bushenyi,Ruhinda,Kiyanga
Uganda,Bushenyi,Ruhinda,Mitooma
Uganda,Bushenyi,Ruhinda,Mutara
Uganda,Bushenyi,Sheema,Bugongi
Uganda,Bushenyi,Sheema,Kabwohe-Itender
Uganda,Bushenyi,Sheema,Kagango
Uganda,Bushenyi,Sheema,Kigarama
Uganda,Bushenyi,Sheema,Kitagata
Uganda,Bushenyi,Sheema,Kyangyenyi
Uganda,Bushenyi,Sheema,Shuuku
Uganda,Busia,Samia-Bugwe,Buhehe
Uganda,Busia,Samia-Bugwe,Bulumbi
Uganda,Busia,Samia-Bugwe,Busia Tc
Uganda,Busia,Samia-Bugwe,Busitema
Uganda,Busia,Samia-Bugwe,Buteba
Uganda,Busia,Samia-Bugwe,Dabani
Uganda,Busia,Samia-Bugwe,Lumino
Uganda,Busia,Samia-Bugwe,Lunyo
Uganda,Busia,Samia-Bugwe,Masaba
Uganda,Busia,Samia-Bugwe,Masafu
Uganda,Gulu,Aswa,Awach
Uganda,Gulu,Aswa,Bungatira
Uganda,Gulu,Aswa,Paicho
Uganda,Gulu,Aswa,Palaro
Uganda,Gulu,Aswa,Patiko
Uganda,Gulu,Gulu,Bar-Dege
Uganda,Gulu,Gulu,Laroo
Uganda,Gulu,Gulu,Layibi
Uganda,Gulu,Gulu,Pece
Uganda,Gulu,Kilak,Amuru
Uganda,Gulu,Kilak,Atiak
Uganda,Gulu,Kilak,Lamogi
Uganda,Gulu,Kilak,Pabbo
Uganda,Gulu,Nwoya,Alero
Uganda,Gulu,Nwoya,Anaka
Uganda,Gulu,Nwoya,Koch Goma
Uganda,Gulu,Nwoya,Purongo
Uganda,Gulu,Omoro,Bobi
Uganda,Gulu,Omoro,Koro
Uganda,Gulu,Omoro,Lakwana
Uganda,Gulu,Omoro,Lalogi
Uganda,Gulu,Omoro,Odek
Uganda,Gulu,Omoro,Ongako
Uganda,Hoima,Bugahya,Buhanika
Uganda,Hoima,Bugahya,Buseruka
Uganda,Hoima,Bugahya,Busiisi
Uganda,Hoima,Bugahya,Hoima Tc
Uganda,Hoima,Bugahya,Kigorobya Tc
Uganda,Hoima,Bugahya,Kigorobya
Uganda,Hoima,Bugahya,Kitoba
Uganda,Hoima,Bugahya,Kyabigambire
Uganda,Hoima,Bugahya,Kyangwali
Uganda,Hoima,Buhaguzi,Bugambe
Uganda,Hoima,Buhaguzi,Buhimba
Uganda,Hoima,Buhaguzi,Kabwoya
Uganda,Hoima,Buhaguzi,Kiziranfumbi
Uganda,Hoima,Buhaguzi,Kyangwali
Uganda,Iganga,Bugweri,Buyanga
Uganda,Iganga,Bugweri,Ibulanku
Uganda,Iganga,Bugweri,Makuutu
Uganda,Iganga,Bugweri,Namalemba
Uganda,Iganga,Busiki,Bulange
Uganda,Iganga,Busiki,Ivukula
Uganda,Iganga,Busiki,Kibaale
Uganda,Iganga,Busiki,Magada
Uganda,Iganga,Busiki,Namutumba
Uganda,Iganga,Busiki,Nsinze
Uganda,Iganga,Kigulu,Bulamagi
Uganda,Iganga,Kigulu,Iganga Tc
Uganda,Iganga,Kigulu,Nabitende
Uganda,Iganga,Kigulu,Nakalama
Uganda,Iganga,Kigulu,Nakigo
Uganda,Iganga,Kigulu,Nambale
Uganda,Iganga,Kigulu,Namungalwe
Uganda,Iganga,Kigulu,Nawandala
Uganda,Iganga,Luuka,Bukanga
Uganda,Iganga,Luuka,Bukooma
Uganda,Iganga,Luuka,Bulongo
Uganda,Iganga,Luuka,Ikumbya
Uganda,Iganga,Luuka,Irongo
Uganda,Iganga,Luuka,Nawampiti
Uganda,Iganga,Luuka,Waibuga
Uganda,Jinja,Butembe,Busedde
Uganda,Jinja,Butembe,Kakira
Uganda,Jinja,Butembe,Mafubira
Uganda,Jinja,Jinja,Central Division
Uganda,Jinja,Jinja,Masese/Walukuba
Uganda,Jinja,Jinja,Mpumudde/Kimaka
Uganda,Jinja,Kagoma,Budondo
Uganda,Jinja,Kagoma,Butagaya
Uganda,Jinja,Kagoma,Buwenge Tc
Uganda,Jinja,Kagoma,Buwenge
Uganda,Jinja,Kagoma,Buyengo
Uganda,Kabale,Kabale,Kabale Central
Uganda,Kabale,Kabale,Kabale Northern
Uganda,Kabale,Kabale,Kabale Southern
Uganda,Kabale,Ndorwa,Buhara
Uganda,Kabale,Ndorwa,Kaharo
Uganda,Kabale,Ndorwa,Kamuganguzi
Uganda,Kabale,Ndorwa,Kitumba
Uganda,Kabale,Ndorwa,Kyanamira
Uganda,Kabale,Ndorwa,Maziba
Uganda,Kabale,Ndorwa,Rubaya
Uganda,Kabale,Rubanda,Bubaare
Uganda,Kabale,Rubanda,Bufundi
Uganda,Kabale,Rubanda,Hamurwa
Uganda,Kabale,Rubanda,Ikumba
Uganda,Kabale,Rubanda,Muko
Uganda,Kabale,Rukiga,Bukinda
Uganda,Kabale,Rukiga,Kamwezi
Uganda,Kabale,Rukiga,Kashambya
Uganda,Kabale,Rukiga,Rwamucucu
Uganda,Kabarole,Bunyangabu,Buhesi
Uganda,Kabarole,Bunyangabu,Kibiito
Uganda,Kabarole,Bunyangabu,Kisomoro
Uganda,Kabarole,Bunyangabu,Rwiimi
Uganda,Kabarole,Burahya,Bukuku
Uganda,Kabarole,Burahya,Busoro
Uganda,Kabarole,Burahya,Hakibaale
Uganda,Kabarole,Burahya,Karambi
Uganda,Kabarole,Burahya,Kichwamba
Uganda,Kabarole,Burahya,Mugusu
Uganda,Kabarole,Burahya,Ruteete
Uganda,Kabarole,Burahya,Rwiimi
Uganda,Kabarole,Fort Portal,Eastern
Uganda,Kabarole,Fort Portal,Southern
Uganda,Kabarole,Fort Portal,Western
Uganda,Kaberamaido,Kaberamaido,Alwa
Uganda,Kaberamaido,Kaberamaido,Kaberamaido Tc
Uganda,Kaberamaido,Kaberamaido,Kaberamaido
Uganda,Kaberamaido,Kaberamaido,Kobulubulu
Uganda,Kaberamaido,Kaberamaido,Ochero
Uganda,Kaberamaido,Kalaki,Anyara
Uganda,Kaberamaido,Kalaki,Bululu
Uganda,Kaberamaido,Kalaki,Kalaki
Uganda,Kaberamaido,Kalaki,Otuboi
Uganda,Kalangala,Bujumba,Bujumba
Uganda,Kalangala,Bujumba,Kalangala Tc
Uganda,Kalangala,Bujumba,Mugoye
Uganda,Kalangala,Kyamuswa,Bubeke
Uganda,Kalangala,Kyamuswa,Bufumira
Uganda,Kalangala,Kyamuswa,Kyamuswa
Uganda,Kalangala,Kyamuswa,Mazinga
Uganda,Kampala,Kampala,Central Division
Uganda,Kampala,Kampala,Kawempe Division
Uganda,Kampala,Kampala,Makindye
Uganda,Kampala,Kampala,Nakawa Division
Uganda,Kampala,Kampala,Rubaga Division
Uganda,Kamuli,Budiope,Bugaya
Uganda,Kamuli,Budiope,Buyende
Uganda,Kamuli,Budiope,Kagulu
Uganda,Kamuli,Budiope,Kidera
Uganda,Kamuli,Budiope,Nkondo
Uganda,Kamuli,Bugabula,Balawoli
Uganda,Kamuli,Bugabula,Bulopa
Uganda,Kamuli,Bugabula,Butansi
Uganda,Kamuli,Bugabula,Kamuli Tc
Uganda,Kamuli,Bugabula,Kitayunjwa
Uganda,Kamuli,Bugabula,Nabwigulu
Uganda,Kamuli,Bugabula,Namasagali
Uganda,Kamuli,Bugabula,Namwendwa
Uganda,Kamuli,Bulamogi,Bumanya
Uganda,Kamuli,Bulamogi,Gadumire
Uganda,Kamuli,Bulamogi,Namugongo
Uganda,Kamuli,Bulamogi,Namwiwa
Uganda,Kamuli,Bulamogi,Nawaikoke
Uganda,Kamuli,Buzaaya,Bugulumbya
Uganda,Kamuli,Buzaaya,Kisozi
Uganda,Kamuli,Buzaaya,Mbulamuti
Uganda,Kamuli,Buzaaya,Nawanyago
Uganda,Kamuli,Buzaaya,Wankole
Uganda,Kamwenge,Kibale,Bwiizi
Uganda,Kamwenge,Kibale,Kahunge
Uganda,Kamwenge,Kibale,Kamwenge Tc
Uganda,Kamwenge,Kibale,Kamwenge
Uganda,Kamwenge,Kibale,Nkoma
Uganda,Kamwenge,Kitagwenda,Kacheche
Uganda,Kamwenge,Kitagwenda,Mahyoro
Uganda,Kamwenge,Kitagwenda,Ntara
Uganda,Kamwenge,Kitagwenda,Nyabbani
Uganda,Kanungu,Kinkiizi,Kambuga
Uganda,Kanungu,Kinkiizi,Kanungu Tc
Uganda,Kanungu,Kinkiizi,Kanyantorogo
Uganda,Kanungu,Kinkiizi,Kayonza
Uganda,Kanungu,Kinkiizi,Kihiihi
Uganda,Kanungu,Kinkiizi,Kirima
Uganda,Kanungu,Kinkiizi,Mpungu
Uganda,Kanungu,Kinkiizi,Nyamirama
Uganda,Kanungu,Kinkiizi,Rugyeyo
Uganda,Kanungu,Kinkiizi,Rutenga
Uganda,Kapchorwa,Kongasis,Bukwa
Uganda,Kapchorwa,Kongasis,Chesower
Uganda,Kapchorwa,Kongasis,Kabei
Uganda,Kapchorwa,Kongasis,Suam
Uganda,Kapchorwa,Kween,Benet
Uganda,Kapchorwa,Kween,Binyiny
Uganda,Kapchorwa,Kween,Kaproron
Uganda,Kapchorwa,Kween,Kwanyiny
Uganda,Kapchorwa,Kween,Ngenge
Uganda,Kapchorwa,Tingey,Chema
Uganda,Kapchorwa,Tingey,Kapchorwa Tc
Uganda,Kapchorwa,Tingey,Kaptanya
Uganda,Kapchorwa,Tingey,Kaserem
Uganda,Kapchorwa,Tingey,Kawowo
Uganda,Kapchorwa,Tingey,Sipi
Uganda,Kapchorwa,Tingey,Tegeres
Uganda,Kasese,Bukonjo,Bwera
Uganda,Kasese,Bukonjo,Ihandiro
Uganda,Kasese,Bukonjo,Karambi
Uganda,Kasese,Bukonjo,Kilembe
Uganda,Kasese,Bukonjo,Kisinga
Uganda,Kasese,Bukonjo,Kitholhu
Uganda,Kasese,Bukonjo,Kyarumba
Uganda,Kasese,Bukonjo,Kyondo
Uganda,Kasese,Bukonjo,Mahango
Uganda,Kasese,Bukonjo,Munkunyu
Uganda,Kasese,Bukonjo,Nyakiyumbu
Uganda,Kasese,Busongora,Bugoye
Uganda,Kasese,Busongora,Karusandara
Uganda,Kasese,Busongora,Kasese Tc
Uganda,Kasese,Busongora,Katwe Kabatoro
Uganda,Kasese,Busongora,Kilembe
Uganda,Kasese,Busongora,Kitswamba
Uganda,Kasese,Busongora,Kyabarungira
Uganda,Kasese,Busongora,L.Katwe
Uganda,Kasese,Busongora,Maliba
Uganda,Kasese,Busongora,Muhokya
Uganda,Kasese,Busongora,Rukoki
Uganda,Katakwi,Amuria,Abarilela
Uganda,Katakwi,Amuria,Asamuk
Uganda,Katakwi,Amuria,Kuju
Uganda,Katakwi,Amuria,Morungatuny
Uganda,Katakwi,Amuria,Orungo
Uganda,Katakwi,Amuria,Wera
Uganda,Katakwi,Kapelebyong,Achowa
Uganda,Katakwi,Kapelebyong,Kapelebyong
Uganda,Katakwi,Kapelebyong,Obalanga
Uganda,Katakwi,Usuk,Kapujan
Uganda,Katakwi,Usuk,Katakwi Tc
Uganda,Katakwi,Usuk,Katakwi
Uganda,Katakwi,Usuk,Magoro
Uganda,Katakwi,Usuk,Ngariam
Uganda,Katakwi,Usuk,Omodoi
Uganda,Katakwi,Usuk,Ongongoja
Uganda,Katakwi,Usuk,Toroma
Uganda,Katakwi,Usuk,Usuk
Uganda,Kayunga,Bbaale,Bbaale
Uganda,Kayunga,Bbaale,Galiraya
Uganda,Kayunga,Bbaale,Kayonza
Uganda,Kayunga,Bbaale,Wabwoko-Kitimbwa
Uganda,Kayunga,Ntenjeru,Busana
Uganda,Kayunga,Ntenjeru,Kangulumira
Uganda,Kayunga,Ntenjeru,Kayunga Tc
Uganda,Kayunga,Ntenjeru,Kayunga
Uganda,Kayunga,Ntenjeru,Nazigo
Uganda,Kibale,Bugangaizi,Bwanswa
Uganda,Kibale,Bugangaizi,Kakindo
Uganda,Kibale,Bugangaizi,Kasambya
Uganda,Kibale,Bugangaizi,Kisiita
Uganda,Kibale,Bugangaizi,Nalweyo
Uganda,Kibale,Bugangaizi,Nkooko
Uganda,Kibale,Buyaga,Bwamiramira
Uganda,Kibale,Buyaga,Bwikara
Uganda,Kibale,Buyaga,Kagadi
Uganda,Kibale,Buyaga,Kibaale Tc
Uganda,Kibale,Buyaga,Kiryanga
Uganda,Kibale,Buyaga,Kyanaisoke
Uganda,Kibale,Buyaga,Kyebando
Uganda,Kibale,Buyaga,Mabaale
Uganda,Kibale,Buyaga,Matale
Uganda,Kibale,Buyaga,Mpeefu
Uganda,Kibale,Buyaga,Mugarama
Uganda,Kibale,Buyaga,Muhoro
Uganda,Kibale,Buyaga,Rugashari
Uganda,Kiboga,Kiboga,Bukomero
Uganda,Kiboga,Kiboga,Butemba
Uganda,Kiboga,Kiboga,Dwaniro
Uganda,Kiboga,Kiboga,Gayaza
Uganda,Kiboga,Kiboga,Kapeke
Uganda,Kiboga,Kiboga,Kibiga
Uganda,Kiboga,Kiboga,Kiboga Tc
Uganda,Kiboga,Kiboga,Kyankwanzi
Uganda,Kiboga,Kiboga,Lwamata
Uganda,Kiboga,Kiboga,Mulagi
Uganda,Kiboga,Kiboga,Muwanga
Uganda,Kiboga,Kiboga,Nsambya
Uganda,Kiboga,Kiboga,Ntwetwe
Uganda,Kiboga,Kiboga,Wattuba
Uganda,Kisoro,Kisoro,Bukimbiri
Uganda,Kisoro,Kisoro,Busanza
Uganda,Kisoro,Kisoro,Chahi
Uganda,Kisoro,Kisoro,Kanaba
Uganda,Kisoro,Kisoro,Kirundo
Uganda,Kisoro,Kisoro,Kisoro Tc
Uganda,Kisoro,Kisoro,Muramba
Uganda,Kisoro,Kisoro,Murora
Uganda,Kisoro,Kisoro,Nyabwishenya
Uganda,Kisoro,Kisoro,Nyakabande
Uganda,Kisoro,Kisoro,Nyakinama
Uganda,Kisoro,Kisoro,Nyarubuye
Uganda,Kisoro,Kisoro,Nyarusiza
Uganda,Kisoro,Kisoro,Nyundo
Uganda,Kitgum,Chua,Kitgum Tc
Uganda,Kitgum,Chua,Kitigum Matidi
Uganda,Kitgum,Chua,Labongo Akwang
Uganda,Kitgum,Chua,Labongo Amida
Uganda,Kitgum,Chua,Labongo Layamo
Uganda,Kitgum,Chua,Lagoro
Uganda,Kitgum,Chua,Mucwini
Uganda,Kitgum,Chua,Namokora
Uganda,Kitgum,Chua,Omiya Anyima
Uganda,Kitgum,Chua,Orom
Uganda,Kitgum,Lamwo,Agoro
Uganda,Kitgum,Lamwo,Lokung
Uganda,Kitgum,Lamwo,Madi-Opei
Uganda,Kitgum,Lamwo,Padibe East
Uganda,Kitgum,Lamwo,Padibe West
Uganda,Kitgum,Lamwo,Palabek Gem
Uganda,Kitgum,Lamwo,Palabek Kal
Uganda,Kitgum,Lamwo,Paloga
Uganda,Kitgum,Lamwo,Parabek Ogili
Uganda,Kotido,Dodoth,Kaabong T.C.
Uganda,Kotido,Dodoth,Kaabong
Uganda,Kotido,Dodoth,Kalapata
Uganda,Kotido,Dodoth,Kapedo
Uganda,Kotido,Dodoth,Karenga
Uganda,Kotido,Dodoth,Kathile
Uganda,Kotido,Dodoth,Lolelia
Uganda,Kotido,Dodoth,Loyoro
Uganda,Kotido,Dodoth,Sidok
Uganda,Kotido,Jie,Kacheri
Uganda,Kotido,Jie,Kotido T.C.
Uganda,Kotido,Jie,Kotido
Uganda,Kotido,Jie,Nakaperimoru
Uganda,Kotido,Jie,Panyangara
Uganda,Kotido,Jie,Rengen
Uganda,Kotido,Labwor,Abim
Uganda,Kotido,Labwor,Alerek
Uganda,Kotido,Labwor,Lotukei
Uganda,Kotido,Labwor,Morulem
Uganda,Kotido,Labwor,Nyakwae
Uganda,Kumi,Bukedea,Bukedea
Uganda,Kumi,Bukedea,Kachumbala
Uganda,Kumi,Bukedea,Kidongole
Uganda,Kumi,Bukedea,Kolir
Uganda,Kumi,Bukedea,Malera
Uganda,Kumi,Kumi,Atutur
Uganda,Kumi,Kumi,Kanyum
Uganda,Kumi,Kumi,Kumi Tc
Uganda,Kumi,Kumi,Kumi
Uganda,Kumi,Kumi,Mukongoro
Uganda,Kumi,Kumi,Nyero
Uganda,Kumi,Kumi,Ongino
Uganda,Kumi,Ngora,Kapir
Uganda,Kumi,Ngora,Kobwin
Uganda,Kumi,Ngora,Mukura
Uganda,Kumi,Ngora,Ngora
Uganda,Kyenjojo,Kyaka,Hapuyo
Uganda,Kyenjojo,Kyaka,Kakabara
Uganda,Kyenjojo,Kyaka,Kasule
Uganda,Kyenjojo,Kyaka,Kyegegwa
Uganda,Kyenjojo,Kyaka,Mpara
Uganda,Kyenjojo,Mwenge,Bufunjo
Uganda,Kyenjojo,Mwenge,Bugaki
Uganda,Kyenjojo,Mwenge,Butiiti
Uganda,Kyenjojo,Mwenge,Katooke
Uganda,Kyenjojo,Mwenge,Kihuura
Uganda,Kyenjojo,Mwenge,Kyarusozi
Uganda,Kyenjojo,Mwenge,Kyenjojo  Tc
Uganda,Kyenjojo,Mwenge,Nyankwanzi
Uganda,Kyenjojo,Mwenge,Nyantungo
Uganda,Lake Albert,Lake Albert,Lake Albert
Uganda,Lake Victoria,Lake Victoria,Lake Victoria
Uganda,Lira,Dokolo,Agwata
Uganda,Lira,Dokolo,Bata
Uganda,Lira,Dokolo,Dokolo
Uganda,Lira,Dokolo,Kangai
Uganda,Lira,Dokolo,Kwera
Uganda,Lira,Erute,Adekokwok
Uganda,Lira,Erute,Amach
Uganda,Lira,Erute,Aromo
Uganda,Lira,Erute,Barr
Uganda,Lira,Erute,Lira
Uganda,Lira,Erute,Ogur
Uganda,Lira,Kyoga,Aputi
Uganda,Lira,Kyoga,Awelo
Uganda,Lira,Kyoga,Muntu
Uganda,Lira,Kyoga,Namasale
Uganda,Lira,Lira,Adyel
Uganda,Lira,Lira,Central
Uganda,Lira,Lira,Ojwina
Uganda,Lira,Lira,Railway
Uganda,Lira,Moroto,Abako
Uganda,Lira,Moroto,Aloi
Uganda,Lira,Moroto,Amugo
Uganda,Lira,Moroto,Apalla
Uganda,Lira,Moroto,Omoro
Uganda,Lira,Otuke,Adwari
Uganda,Lira,Otuke,Okwang
Uganda,Lira,Otuke,Olilim
Uganda,Lira,Otuke,Orum
Uganda,Luwero,Bamunanika,Bamunanika
Uganda,Luwero,Bamunanika,Kalagala
Uganda,Luwero,Bamunanika,Kamira
Uganda,Luwero,Bamunanika,Kikyusa
Uganda,Luwero,Bamunanika,Zirobwe
Uganda,Luwero,Katikamu,Bombo Tc
Uganda,Luwero,Katikamu,Butuntumula
Uganda,Luwero,Katikamu,Katikamu
Uganda,Luwero,Katikamu,Luwero Tc
Uganda,Luwero,Katikamu,Luwero
Uganda,Luwero,Katikamu,Makulubita
Uganda,Luwero,Katikamu,Nyimbwa
Uganda,Luwero,Katikamu,Wobulenzi Tc
Uganda,Luwero,Nakaseke,Kapeeka
Uganda,Luwero,Nakaseke,Kasangombe
Uganda,Luwero,Nakaseke,Kikamulo
Uganda,Luwero,Nakaseke,Nakaseke
Uganda,Luwero,Nakaseke,Ngoma
Uganda,Luwero,Nakaseke,Semuto
Uganda,Luwero,Nakaseke,Wakyato
Uganda,Masaka,Bukomansimbi,Bigasa
Uganda,Masaka,Bukomansimbi,Butenga
Uganda,Masaka,Bukomansimbi,Kibingo
Uganda,Masaka,Bukomansimbi,Kitanda
Uganda,Masaka,Bukoto,Bukakata
Uganda,Masaka,Bukoto,Buwunga
Uganda,Masaka,Bukoto,Kabonera
Uganda,Masaka,Bukoto,Kisekka
Uganda,Masaka,Bukoto,Kkingo
Uganda,Masaka,Bukoto,Kyanamukaaka
Uganda,Masaka,Bukoto,Kyazanga
Uganda,Masaka,Bukoto,Lwengo
Uganda,Masaka,Bukoto,Malongo
Uganda,Masaka,Bukoto,Mukungwe
Uganda,Masaka,Bukoto,Ndagwe
Uganda,Masaka,Kalungu,Bukulula
Uganda,Masaka,Kalungu,Kalungu
Uganda,Masaka,Kalungu,Kyamuliibwa
Uganda,Masaka,Kalungu,Lukaya Tc
Uganda,Masaka,Kalungu,Lwabenge
Uganda,Masaka,Masaka,Katwe/Butego
Uganda,Masaka,Masaka,Kimanya/Kyabaku
Uganda,Masaka,Masaka,Nyendo/Senyange
Uganda,Masindi,Bujenje,Biiso
Uganda,Masindi,Bujenje,Budongo
Uganda,Masindi,Bujenje,Buliisa
Uganda,Masindi,Bujenje,Bwijanga
Uganda,Masindi,Buruli,Karujubu
Uganda,Masindi,Buruli,Kimengo
Uganda,Masindi,Buruli,Masindi Tc
Uganda,Masindi,Buruli,Miirya
Uganda,Masindi,Buruli,Nyangahya
Uganda,Masindi,Buruli,Pakanyi
Uganda,Masindi,Kibanda,Kigumba
Uganda,Masindi,Kibanda,Kiryandongo
Uganda,Masindi,Kibanda,Masindi Port
Uganda,Masindi,Kibanda,Mutunda
Uganda,Mayuge,Bunya,Baitambogwe
Uganda,Mayuge,Bunya,Buwaya
Uganda,Mayuge,Bunya,Imanyiro
Uganda,Mayuge,Bunya,Kigandalo
Uganda,Mayuge,Bunya,Kityerera
Uganda,Mayuge,Bunya,Malongo
Uganda,Mayuge,Bunya,Mayuge Tc
Uganda,Mbale,Bubulo,Bubutu
Uganda,Mbale,Bubulo,Bugobero
Uganda,Mbale,Bubulo,Bumbo
Uganda,Mbale,Bubulo,Bumwoni
Uganda,Mbale,Bubulo,Bupoto
Uganda,Mbale,Bubulo,Butiru
Uganda,Mbale,Bubulo,Buwabwala
Uganda,Mbale,Bubulo,Buwagogo
Uganda,Mbale,Bubulo,Kaato
Uganda,Mbale,Bubulo,Sibanga
Uganda,Mbale,Bungokho,Bufumbo
Uganda,Mbale,Bungokho,Bukonde
Uganda,Mbale,Bungokho,Bukyiende
Uganda,Mbale,Bungokho,Bungokho-Mutoto
Uganda,Mbale,Bungokho,Bungokho
Uganda,Mbale,Bungokho,Busano
Uganda,Mbale,Bungokho,Busiu
Uganda,Mbale,Bungokho,Busoba
Uganda,Mbale,Bungokho,Nakaloke
Uganda,Mbale,Bungokho,Namanyonyi
Uganda,Mbale,Bungokho,Wanale
Uganda,Mbale,Manjiya,Bubiita
Uganda,Mbale,Manjiya,Bududa
Uganda,Mbale,Manjiya,Bukibokolo
Uganda,Mbale,Manjiya,Bukigai
Uganda,Mbale,Manjiya,Bulucheke
Uganda,Mbale,Manjiya,Bumayoka
Uganda,Mbale,Manjiya,Bushika
Uganda,Mbale,Mbale,Industrial
Uganda,Mbale,Mbale,Northern Division
Uganda,Mbale,Mbale,Wanale Division
Uganda,Mbarara,Bukanga,Endinzi
Uganda,Mbarara,Bukanga,Kashumba
Uganda,Mbarara,Bukanga,Ngarama
Uganda,Mbarara,Bukanga,Rugaaga
Uganda,Mbarara,Ibanda,Bisheshe
Uganda,Mbarara,Ibanda,Ibanda Tc
Uganda,Mbarara,Ibanda,Ishongororo
Uganda,Mbarara,Ibanda,Kicuzi
Uganda,Mbarara,Ibanda,Kikyenkye
Uganda,Mbarara,Ibanda,Nyabuhikye
Uganda,Mbarara,Ibanda,Nyamarebe
Uganda,Mbarara,Ibanda,Rukiri
Uganda,Mbarara,Isingiro,Birere
Uganda,Mbarara,Isingiro,Kabingo
Uganda,Mbarara,Isingiro,Kabuyanda
Uganda,Mbarara,Isingiro,Kikagate
Uganda,Mbarara,Isingiro,Masha
Uganda,Mbarara,Isingiro,Nyakitunda
Uganda,Mbarara,Kashari,Bubaare
Uganda,Mbarara,Kashari,Bukiro
Uganda,Mbarara,Kashari,Kagongi
Uganda,Mbarara,Kashari,Kakiika
Uganda,Mbarara,Kashari,Kashare
Uganda,Mbarara,Kashari,Rubaya
Uganda,Mbarara,Kashari,Rubindi
Uganda,Mbarara,Kashari,Rwanyamahembe
Uganda,Mbarara,Kazo,Buremba
Uganda,Mbarara,Kazo,Burunga
Uganda,Mbarara,Kazo,Kanoni
Uganda,Mbarara,Kazo,Kazo
Uganda,Mbarara,Kazo,Rwemikoma
Uganda,Mbarara,Mbarara,Kakoba
Uganda,Mbarara,Mbarara,Kamukuzi
Uganda,Mbarara,Mbarara,Nyamitanga
Uganda,Mbarara,Nyabushozi,Kanyaryeru
Uganda,Mbarara,Nyabushozi,Kashongi
Uganda,Mbarara,Nyabushozi,Kenshunga
Uganda,Mbarara,Nyabushozi,Kikatsi
Uganda,Mbarara,Nyabushozi,Kinoni
Uganda,Mbarara,Nyabushozi,Nyakashashara
Uganda,Mbarara,Nyabushozi,Sanga
Uganda,Mbarara,Rwampara,Bugamba
Uganda,Mbarara,Rwampara,Mwizi
Uganda,Mbarara,Rwampara,Ndaija
Uganda,Mbarara,Rwampara,Nyakayojo
Uganda,Mbarara,Rwampara,Rugando
Uganda,Moroto,Bokora,Iriiri
Uganda,Moroto,Bokora,Lokopo
Uganda,Moroto,Bokora,Lopei
Uganda,Moroto,Bokora,Lotome
Uganda,Moroto,Bokora,Matany
Uganda,Moroto,Bokora,Ngoleriet
Uganda,Moroto,Matheniko,Katikekile
Uganda,Moroto,Matheniko,Nadunget
Uganda,Moroto,Matheniko,Rupa
Uganda,Moroto,Moroto,Northern Division
Uganda,Moroto,Moroto,Southern Division
Uganda,Moyo,Obongi,Aliba
Uganda,Moyo,Obongi,Gimara
Uganda,Moyo,Obongi,Itula
Uganda,Moyo,West Moyo,Dufile
Uganda,Moyo,West Moyo,Lefori
Uganda,Moyo,West Moyo,Metu
Uganda,Moyo,West Moyo,Moyo Tc
Uganda,Moyo,West Moyo,Moyo
Uganda,Mpigi,Butambala,Budde
Uganda,Mpigi,Butambala,Bulo
Uganda,Mpigi,Butambala,Kalamba
Uganda,Mpigi,Butambala,Kibibi
Uganda,Mpigi,Butambala,Ngando
Uganda,Mpigi,Gomba,Kabulasoke
Uganda,Mpigi,Gomba,Kyegonza
Uganda,Mpigi,Gomba,Maddu
Uganda,Mpigi,Gomba,Mpenja
Uganda,Mpigi,Mawokota,Buwama
Uganda,Mpigi,Mawokota,Kamengo
Uganda,Mpigi,Mawokota,Kiringente
Uganda,Mpigi,Mawokota,Kituntu
Uganda,Mpigi,Mawokota,Mpigi Tc
Uganda,Mpigi,Mawokota,Mpigi
Uganda,Mpigi,Mawokota,Muduma
Uganda,Mpigi,Mawokota,Nkozi
Uganda,Mubende,Busujju,Butayunja
Uganda,Mubende,Busujju,Kakindu
Uganda,Mubende,Busujju,Maanyi
Uganda,Mubende,Busujju,Malangala
Uganda,Mubende,Buwekula,Bagezza
Uganda,Mubende,Buwekula,Butoloogo
Uganda,Mubende,Buwekula,Kasambya
Uganda,Mubende,Buwekula,Kitenga
Uganda,Mubende,Buwekula,Kiyuni
Uganda,Mubende,Buwekula,Madudu
Uganda,Mubende,Buwekula,Mubende Tc
Uganda,Mubende,Kassanda,Bukuya
Uganda,Mubende,Kassanda,Kassanda
Uganda,Mubende,Kassanda,Kiganda
Uganda,Mubende,Kassanda,Myanzi
Uganda,Mubende,Mityana,Bulera
Uganda,Mubende,Mityana,Busimbi
Uganda,Mubende,Mityana,Kikandwa
Uganda,Mubende,Mityana,Mityana Tc
Uganda,Mubende,Mityana,Ssekanyonyi
Uganda,Mukono,Buikwe,Buikwe
Uganda,Mukono,Buikwe,Kawolo
Uganda,Mukono,Buikwe,Lugazi Tc
Uganda,Mukono,Buikwe,Najja
Uganda,Mukono,Buikwe,Najjembe
Uganda,Mukono,Buikwe,Ngogwe
Uganda,Mukono,Buikwe,Njeru Tc
Uganda,Mukono,Buikwe,Nkonkonjeru Tc
Uganda,Mukono,Buikwe,Nyenga
Uganda,Mukono,Buikwe,Ssi-Bukunja
Uganda,Mukono,Buikwe,Wakisi
Uganda,Mukono,Buvuma Islands,Bugaya
Uganda,Mukono,Buvuma Islands,Busamuzi
Uganda,Mukono,Buvuma Islands,Bwema
Uganda,Mukono,Buvuma Islands,Nairambi
Uganda,Mukono,Mukono,Goma
Uganda,Mukono,Mukono,Kkome Islands
Uganda,Mukono,Mukono,Kyampisi
Uganda,Mukono,Mukono,Mukono Tc
Uganda,Mukono,Mukono,Nakisunga
Uganda,Mukono,Mukono,Nama
Uganda,Mukono,Mukono,Ntenjeru
Uganda,Mukono,Nakifuma,Kasawo
Uganda,Mukono,Nakifuma,Kimenyedde
Uganda,Mukono,Nakifuma,Nabaale
Uganda,Mukono,Nakifuma,Nagojje
Uganda,Mukono,Nakifuma,Ntunda
Uganda,Mukono,Nakifuma,Seeta-Namuganga
Uganda,Nakapiripirit,Chekwii,Kakomongole
Uganda,Nakapiripirit,Chekwii,Moruita
Uganda,Nakapiripirit,Chekwii,Nakapiripirit T.C.
Uganda,Nakapiripirit,Chekwii,Namalu
Uganda,Nakapiripirit,Pian,Lolachat
Uganda,Nakapiripirit,Pian,Lorengedwat
Uganda,Nakapiripirit,Pian,Nabilatuk
Uganda,Nakapiripirit,Pokot,Amudat
Uganda,Nakapiripirit,Pokot,Karita
Uganda,Nakapiripirit,Pokot,Loroo
Uganda,Nakasongola,Buruli,Kakooge
Uganda,Nakasongola,Buruli,Kalongo
Uganda,Nakasongola,Buruli,Kalungi
Uganda,Nakasongola,Buruli,Lwabyata
Uganda,Nakasongola,Buruli,Lwampanga
Uganda,Nakasongola,Buruli,Nabiswera
Uganda,Nakasongola,Buruli,Nakasongola Tc
Uganda,Nakasongola,Buruli,Nakitoma
Uganda,Nakasongola,Buruli,Wabinyonyi
Uganda,Nebbi,Jonam,Pakwach Tc
Uganda,Nebbi,Jonam,Pakwach
Uganda,Nebbi,Jonam,Panyango
Uganda,Nebbi,Jonam,Panyimur
Uganda,Nebbi,Jonam,Wadelai
Uganda,Nebbi,Okoro,Atyak
Uganda,Nebbi,Okoro,Jangokoro
Uganda,Nebbi,Okoro,Kango
Uganda,Nebbi,Okoro,Nyapea
Uganda,Nebbi,Okoro,Paidha Tc
Uganda,Nebbi,Okoro,Paidha
Uganda,Nebbi,Okoro,Zeu
Uganda,Nebbi,Padyere,Akworo
Uganda,Nebbi,Padyere,Erussi
Uganda,Nebbi,Padyere,Kucwiny
Uganda,Nebbi,Padyere,Nebbi Tc
Uganda,Nebbi,Padyere,Nebbi
Uganda,Nebbi,Padyere,Nyaravur
Uganda,Nebbi,Padyere,Parombo
Uganda,Ntungamo,Kajara,Bwongyera
Uganda,Ntungamo,Kajara,Ihunga
Uganda,Ntungamo,Kajara,Kibatsi
Uganda,Ntungamo,Kajara,Nyabihoko
Uganda,Ntungamo,Ruhaama,Itojo
Uganda,Ntungamo,Ruhaama,Ntungamo Tc
Uganda,Ntungamo,Ruhaama,Ntungamo
Uganda,Ntungamo,Ruhaama,Nyakyera
Uganda,Ntungamo,Ruhaama,Ruhaama
Uganda,Ntungamo,Ruhaama,Rukoni
Uganda,Ntungamo,Ruhaama,Rweikiniro
Uganda,Ntungamo,Rushenyi,Kayonza
Uganda,Ntungamo,Rushenyi,Ngoma
Uganda,Ntungamo,Rushenyi,Rubaare
Uganda,Ntungamo,Rushenyi,Rugarama
Uganda,Pader,Agago,Adilang
Uganda,Pader,Agago,Lapono
Uganda,Pader,Agago,Lira Palwo
Uganda,Pader,Agago,Lukole
Uganda,Pader,Agago,Omot
Uganda,Pader,Agago,Paimol
Uganda,Pader,Agago,Parabongo
Uganda,Pader,Agago,Patongo
Uganda,Pader,Agago,Wol
Uganda,Pader,Aruu,Acholibur
Uganda,Pader,Aruu,Atanga
Uganda,Pader,Aruu,Awere
Uganda,Pader,Aruu,Kilak
Uganda,Pader,Aruu,Laguti
Uganda,Pader,Aruu,Lapul
Uganda,Pader,Aruu,Pader T.C.
Uganda,Pader,Aruu,Pajule
Uganda,Pader,Aruu,Puranga
Uganda,Pallisa,Budaka,Budaka
Uganda,Pallisa,Budaka,Iki-Iki
Uganda,Pallisa,Budaka,Kaderuna
Uganda,Pallisa,Budaka,Kameruka
Uganda,Pallisa,Budaka,Kamonkoli
Uganda,Pallisa,Budaka,Lyama
Uganda,Pallisa,Budaka,Naboa
Uganda,Pallisa,Butebo,Butebo
Uganda,Pallisa,Butebo,Kabwangasi
Uganda,Pallisa,Butebo,Kakoro
Uganda,Pallisa,Butebo,Kibale
Uganda,Pallisa,Butebo,Petete
Uganda,Pallisa,Kibuku,Bulangira
Uganda,Pallisa,Kibuku,Buseta
Uganda,Pallisa,Kibuku,Kadama
Uganda,Pallisa,Kibuku,Kagumu
Uganda,Pallisa,Kibuku,Kibuku
Uganda,Pallisa,Kibuku,Kirika
Uganda,Pallisa,Kibuku,Tirinyi
Uganda,Pallisa,Pallisa,Agule
Uganda,Pallisa,Pallisa,Apopong
Uganda,Pallisa,Pallisa,Gogonyo
Uganda,Pallisa,Pallisa,Kameke
Uganda,Pallisa,Pallisa,Kamuge
Uganda,Pallisa,Pallisa,Kasodo
Uganda,Pallisa,Pallisa,Pallisa Tc
Uganda,Pallisa,Pallisa,Pallisa
Uganda,Pallisa,Pallisa,Puti-Puti
Uganda,Rakai,Kabula,Kaliiro
Uganda,Rakai,Kabula,Kasagama
Uganda,Rakai,Kabula,Kinuuka
Uganda,Rakai,Kabula,Lyantonde Tc
Uganda,Rakai,Kabula,Lyantonde
Uganda,Rakai,Kabula,Mpumudde
Uganda,Rakai,Kakuuto,Kakuuto
Uganda,Rakai,Kakuuto,Kasasa
Uganda,Rakai,Kakuuto,Kibanda
Uganda,Rakai,Kakuuto,Kitumba
Uganda,Rakai,Kakuuto,Kyebe
Uganda,Rakai,Kooki,Byakabanda
Uganda,Rakai,Kooki,Ddwaniro
Uganda,Rakai,Kooki,Kacheera
Uganda,Rakai,Kooki,Kagamba
Uganda,Rakai,Kooki,Kakuuto
Uganda,Rakai,Kooki,Kyalulangira
Uganda,Rakai,Kooki,Lwamaggwa
Uganda,Rakai,Kooki,Lwanda
Uganda,Rakai,Kooki,Rakai Tc
Uganda,Rakai,Kyotera,Kabira
Uganda,Rakai,Kyotera,Kalisizo
Uganda,Rakai,Kyotera,Kasaali
Uganda,Rakai,Kyotera,Kirumba
Uganda,Rakai,Kyotera,Kyotera Tc
Uganda,Rakai,Kyotera,Lwankoni
Uganda,Rakai,Kyotera,Nabigasa
Uganda,Rukungiri,Bufumbira,Bugangari
Uganda,Rukungiri,Bufumbira,Buhunga
Uganda,Rukungiri,Bufumbira,Bwambara
Uganda,Rukungiri,Bufumbira,Kagunga
Uganda,Rukungiri,Bufumbira,Nyakagyeme
Uganda,Rukungiri,Bufumbira,Ruhinda
Uganda,Rukungiri,Bufumbira,Rukungiri Tc
Uganda,Rukungiri,Rubabo,Buyanja
Uganda,Rukungiri,Rubabo,Kebisoni
Uganda,Rukungiri,Rubabo,Nyakishenyi
Uganda,Rukungiri,Rubabo,Nyarushanje
Uganda,Sembabule,Lwemiyaga,Lwemiyaga
Uganda,Sembabule,Lwemiyaga,Ntusi
Uganda,Sembabule,Mawogola,Lugusulu
Uganda,Sembabule,Mawogola,Lwebitakuli
Uganda,Sembabule,Mawogola,Mateete
Uganda,Sembabule,Mawogola,Mijwala
Uganda,Sembabule,Mawogola,Sembabule Tc
Uganda,Sironko,Budadiri,Buhugu
Uganda,Sironko,Budadiri,Bukhulo
Uganda,Sironko,Budadiri,Bumasifwa
Uganda,Sironko,Budadiri,Busulani
Uganda,Sironko,Budadiri,Butandiga
Uganda,Sironko,Budadiri,Buteza
Uganda,Sironko,Budadiri,Buwalasi
Uganda,Sironko,Budadiri,Buyobo
Uganda,Sironko,Budadiri,Sironko Tc
Uganda,Sironko,Budadiri,Zesui
Uganda,Sironko,Bulambuli,Buginyanya
Uganda,Sironko,Bulambuli,Bukhalu
Uganda,Sironko,Bulambuli,Bulago
Uganda,Sironko,Bulambuli,Bulegeni
Uganda,Sironko,Bulambuli,Buluganya
Uganda,Sironko,Bulambuli,Bunambutye
Uganda,Sironko,Bulambuli,Masiira
Uganda,Sironko,Bulambuli,Muyembe
Uganda,Sironko,Bulambuli,Sisiyi
Uganda,Sironko,Mt. Elgon Np,Mt. Elgon Np
Uganda,Soroti,Kasilo,Bugondo
Uganda,Soroti,Kasilo,Kadungulu
Uganda,Soroti,Kasilo,Pingire
Uganda,Soroti,Serere,Atiira
Uganda,Soroti,Serere,Kateta
Uganda,Soroti,Serere,Kyere
Uganda,Soroti,Serere,Olio
Uganda,Soroti,Soroti,Arapai
Uganda,Soroti,Soroti,Asuret
Uganda,Soroti,Soroti,Eastern Division
Uganda,Soroti,Soroti,Gweri
Uganda,Soroti,Soroti,Kamuda
Uganda,Soroti,Soroti,Katine
Uganda,Soroti,Soroti,Northern Division
Uganda,Soroti,Soroti,Soroti
Uganda,Soroti,Soroti,Tubur
Uganda,Soroti,Soroti,Western Division
Uganda,Tororo,Bunyole,Budumba
Uganda,Tororo,Bunyole,Busaba
Uganda,Tororo,Bunyole,Busolwe
Uganda,Tororo,Bunyole,Butaleja
Uganda,Tororo,Bunyole,Kachonga
Uganda,Tororo,Bunyole,Nawanjofu
Uganda,Tororo,Bunyole,Nazimasa
Uganda,Tororo,Kisoko (West Budama),Iyolwa
Uganda,Tororo,Kisoko (West Budama),Kirewa
Uganda,Tororo,Kisoko (West Budama),Kisoko
Uganda,Tororo,Kisoko (West Budama),Mulanda
Uganda,Tororo,Kisoko (West Budama),Nabuyoga
Uganda,Tororo,Kisoko (West Budama),Nagongera
Uganda,Tororo,Kisoko (West Budama),Paya
Uganda,Tororo,Kisoko (West Budama),Petta
Uganda,Tororo,Kisoko (West Budama),Rubongi
Uganda,Tororo,Tororo,Eastern Divisioni
Uganda,Tororo,Tororo,Kwapa
Uganda,Tororo,Tororo,Mella
Uganda,Tororo,Tororo,Merikit
Uganda,Tororo,Tororo,Molo
Uganda,Tororo,Tororo,Mukuju
Uganda,Tororo,Tororo,Osukuru
Uganda,Tororo,Tororo,Western Divisioni
Uganda,Wakiso,Busiiro,Kakiri
Uganda,Wakiso,Busiiro,Kasanje
Uganda,Wakiso,Busiiro,Katabi-Entebbe
Uganda,Wakiso,Busiiro,Masulita
Uganda,Wakiso,Busiiro,Namayumba
Uganda,Wakiso,Busiiro,Nsangi
Uganda,Wakiso,Busiiro,Ssisa
Uganda,Wakiso,Busiiro,Wakiso Tc
Uganda,Wakiso,Busiiro,Wakiso
Uganda,Wakiso,Entebbe,Division A
Uganda,Wakiso,Entebbe,Division B
Uganda,Wakiso,Jinja,Busukuma
Uganda,Wakiso,Jinja,Gombe
Uganda,Wakiso,Jinja,Kira
Uganda,Wakiso,Jinja,Nabweru
Uganda,Wakiso,Jinja,Nangabo
Uganda,Wakiso,Jinja,Ssabagabo-Makindye
Uganda,Yumbe,Aringa,Apo
Uganda,Yumbe,Aringa,Drajani
Uganda,Yumbe,Aringa,Kei
Uganda,Yumbe,Aringa,Kuru
Uganda,Yumbe,Aringa,Midigo
Uganda,Yumbe,Aringa,Odravu
Uganda,Yumbe,Aringa,Romogi
Uganda,Yumbe,Aringa,Yumbe Tc